prompt,message
Generate a message for a new property listing:,Discover your dream home! Check out this newly listed 4-bedroom house with a spacious backyard.
Create a message for an open house event:,We're hosting an open house this Sunday at 789 Sunset Blvd. Come see what makes this home special!
Write a follow-up message to a potential buyer:,"Hi [Name], just checking in to see if you’re still interested in properties in the downtown area."
Draft a welcome message for new subscribers:,Welcome to our real estate community! Stay tuned for exclusive listings and market tips.
Compose a thank-you message after a property visit:,Thanks for stopping by! We hope you enjoyed the tour—let us know if you have any questions.
Craft a message highlighting a price drop on a listing:,"Price just reduced! This charming condo is now listed at $345,000—don’t miss this opportunity!"
Generate a message for a real estate newsletter:,This week’s newsletter features the top 5 investment properties in your area. Check them out now!
Create a promotional message for a limited-time offer:,Act fast—our spring sale offers waived closing costs on select homes until March 31st!
Write a message announcing a new property video tour:,Watch the full video tour of our newest listing at 456 Lakeview Dr. It’s one you won’t want to miss.
Compose a message to re-engage inactive leads:,We haven’t heard from you in a while! Let us know if you're still searching for the perfect home.
Generate a message for a new property listing:,Discover your dream home! Check out this newly listed 4-bedroom house with a spacious backyard.
Create a message for an open house event:,We're hosting an open house this Sunday at 789 Sunset Blvd. Come see what makes this home special!
Write a follow-up message to a potential buyer:,"Hi [Name], just checking in to see if you’re still interested in properties in the downtown area."
Draft a welcome message for new subscribers:,Welcome to our real estate community! Stay tuned for exclusive listings and market tips.
Compose a thank-you message after a property visit:,Thanks for stopping by! We hope you enjoyed the tour—let us know if you have any questions.
Craft a message highlighting a price drop on a listing:,"Price just reduced! This charming condo is now listed at $345,000—don’t miss this opportunity!"
Generate a message for a real estate newsletter:,This week’s newsletter features the top 5 investment properties in your area. Check them out now!
Create a promotional message for a limited-time offer:,Act fast—our spring sale offers waived closing costs on select homes until March 31st!
Write a message announcing a new property video tour:,Watch the full video tour of our newest listing at 456 Lakeview Dr. It’s one you won’t want to miss.
Compose a message to re-engage inactive leads:,We haven’t heard from you in a while! Let us know if you're still searching for the perfect home.
Generate a message for a new property listing:,Discover your dream home! Check out this newly listed 4-bedroom house with a spacious backyard.
Create a message for an open house event:,We're hosting an open house this Sunday at 789 Sunset Blvd. Come see what makes this home special!
Write a follow-up message to a potential buyer:,"Hi [Name], just checking in to see if you’re still interested in properties in the downtown area."
Draft a welcome message for new subscribers:,Welcome to our real estate community! Stay tuned for exclusive listings and market tips.
Compose a thank-you message after a property visit:,Thanks for stopping by! We hope you enjoyed the tour—let us know if you have any questions.
Craft a message highlighting a price drop on a listing:,"Price just reduced! This charming condo is now listed at $345,000—don’t miss this opportunity!"
Generate a message for a real estate newsletter:,This week’s newsletter features the top 5 investment properties in your area. Check them out now!
Create a promotional message for a limited-time offer:,Act fast—our spring sale offers waived closing costs on select homes until March 31st!
Write a message announcing a new property video tour:,Watch the full video tour of our newest listing at 456 Lakeview Dr. It’s one you won’t want to miss.
Compose a message to re-engage inactive leads:,We haven’t heard from you in a while! Let us know if you're still searching for the perfect home.
Generate a message for a new property listing:,Discover your dream home! Check out this newly listed 4-bedroom house with a spacious backyard.
Create a message for an open house event:,We're hosting an open house this Sunday at 789 Sunset Blvd. Come see what makes this home special!
Write a follow-up message to a potential buyer:,"Hi [Name], just checking in to see if you’re still interested in properties in the downtown area."
Draft a welcome message for new subscribers:,Welcome to our real estate community! Stay tuned for exclusive listings and market tips.
Compose a thank-you message after a property visit:,Thanks for stopping by! We hope you enjoyed the tour—let us know if you have any questions.
Craft a message highlighting a price drop on a listing:,"Price just reduced! This charming condo is now listed at $345,000—don’t miss this opportunity!"
Generate a message for a real estate newsletter:,This week’s newsletter features the top 5 investment properties in your area. Check them out now!
Create a promotional message for a limited-time offer:,Act fast—our spring sale offers waived closing costs on select homes until March 31st!
Write a message announcing a new property video tour:,Watch the full video tour of our newest listing at 456 Lakeview Dr. It’s one you won’t want to miss.
Compose a message to re-engage inactive leads:,We haven’t heard from you in a while! Let us know if you're still searching for the perfect home.
Generate a message for a new property listing:,Discover your dream home! Check out this newly listed 4-bedroom house with a spacious backyard.
Create a message for an open house event:,We're hosting an open house this Sunday at 789 Sunset Blvd. Come see what makes this home special!
Write a follow-up message to a potential buyer:,"Hi [Name], just checking in to see if you’re still interested in properties in the downtown area."
Draft a welcome message for new subscribers:,Welcome to our real estate community! Stay tuned for exclusive listings and market tips.
Compose a thank-you message after a property visit:,Thanks for stopping by! We hope you enjoyed the tour—let us know if you have any questions.
Craft a message highlighting a price drop on a listing:,"Price just reduced! This charming condo is now listed at $345,000—don’t miss this opportunity!"
Generate a message for a real estate newsletter:,This week’s newsletter features the top 5 investment properties in your area. Check them out now!
Create a promotional message for a limited-time offer:,Act fast—our spring sale offers waived closing costs on select homes until March 31st!
Write a message announcing a new property video tour:,Watch the full video tour of our newest listing at 456 Lakeview Dr. It’s one you won’t want to miss.
Compose a message to re-engage inactive leads:,We haven’t heard from you in a while! Let us know if you're still searching for the perfect home.
Generate a message for a new property listing:,Discover your dream home! Check out this newly listed 4-bedroom house with a spacious backyard.
Create a message for an open house event:,We're hosting an open house this Sunday at 789 Sunset Blvd. Come see what makes this home special!
Write a follow-up message to a potential buyer:,"Hi [Name], just checking in to see if you’re still interested in properties in the downtown area."
Draft a welcome message for new subscribers:,Welcome to our real estate community! Stay tuned for exclusive listings and market tips.
Compose a thank-you message after a property visit:,Thanks for stopping by! We hope you enjoyed the tour—let us know if you have any questions.
Craft a message highlighting a price drop on a listing:,"Price just reduced! This charming condo is now listed at $345,000—don’t miss this opportunity!"
Generate a message for a real estate newsletter:,This week’s newsletter features the top 5 investment properties in your area. Check them out now!
Create a promotional message for a limited-time offer:,Act fast—our spring sale offers waived closing costs on select homes until March 31st!
Write a message announcing a new property video tour:,Watch the full video tour of our newest listing at 456 Lakeview Dr. It’s one you won’t want to miss.
Compose a message to re-engage inactive leads:,We haven’t heard from you in a while! Let us know if you're still searching for the perfect home.
Generate a message for a new property listing:,Discover your dream home! Check out this newly listed 4-bedroom house with a spacious backyard.
Create a message for an open house event:,We're hosting an open house this Sunday at 789 Sunset Blvd. Come see what makes this home special!
Write a follow-up message to a potential buyer:,"Hi [Name], just checking in to see if you’re still interested in properties in the downtown area."
Draft a welcome message for new subscribers:,Welcome to our real estate community! Stay tuned for exclusive listings and market tips.
Compose a thank-you message after a property visit:,Thanks for stopping by! We hope you enjoyed the tour—let us know if you have any questions.
Craft a message highlighting a price drop on a listing:,"Price just reduced! This charming condo is now listed at $345,000—don’t miss this opportunity!"
Generate a message for a real estate newsletter:,This week’s newsletter features the top 5 investment properties in your area. Check them out now!
Create a promotional message for a limited-time offer:,Act fast—our spring sale offers waived closing costs on select homes until March 31st!
Write a message announcing a new property video tour:,Watch the full video tour of our newest listing at 456 Lakeview Dr. It’s one you won’t want to miss.
Compose a message to re-engage inactive leads:,We haven’t heard from you in a while! Let us know if you're still searching for the perfect home.
Generate a message for a new property listing:,Discover your dream home! Check out this newly listed 4-bedroom house with a spacious backyard.
Create a message for an open house event:,We're hosting an open house this Sunday at 789 Sunset Blvd. Come see what makes this home special!
Write a follow-up message to a potential buyer:,"Hi [Name], just checking in to see if you’re still interested in properties in the downtown area."
Draft a welcome message for new subscribers:,Welcome to our real estate community! Stay tuned for exclusive listings and market tips.
Compose a thank-you message after a property visit:,Thanks for stopping by! We hope you enjoyed the tour—let us know if you have any questions.
Craft a message highlighting a price drop on a listing:,"Price just reduced! This charming condo is now listed at $345,000—don’t miss this opportunity!"
Generate a message for a real estate newsletter:,This week’s newsletter features the top 5 investment properties in your area. Check them out now!
Create a promotional message for a limited-time offer:,Act fast—our spring sale offers waived closing costs on select homes until March 31st!
Write a message announcing a new property video tour:,Watch the full video tour of our newest listing at 456 Lakeview Dr. It’s one you won’t want to miss.
Compose a message to re-engage inactive leads:,We haven’t heard from you in a while! Let us know if you're still searching for the perfect home.
Generate a message for a new property listing:,Discover your dream home! Check out this newly listed 4-bedroom house with a spacious backyard.
Create a message for an open house event:,We're hosting an open house this Sunday at 789 Sunset Blvd. Come see what makes this home special!
Write a follow-up message to a potential buyer:,"Hi [Name], just checking in to see if you’re still interested in properties in the downtown area."
Draft a welcome message for new subscribers:,Welcome to our real estate community! Stay tuned for exclusive listings and market tips.
Compose a thank-you message after a property visit:,Thanks for stopping by! We hope you enjoyed the tour—let us know if you have any questions.
Craft a message highlighting a price drop on a listing:,"Price just reduced! This charming condo is now listed at $345,000—don’t miss this opportunity!"
Generate a message for a real estate newsletter:,This week’s newsletter features the top 5 investment properties in your area. Check them out now!
Create a promotional message for a limited-time offer:,Act fast—our spring sale offers waived closing costs on select homes until March 31st!
Write a message announcing a new property video tour:,Watch the full video tour of our newest listing at 456 Lakeview Dr. It’s one you won’t want to miss.
Compose a message to re-engage inactive leads:,We haven’t heard from you in a while! Let us know if you're still searching for the perfect home.
Generate a message for a new property listing:,Discover your dream home! Check out this newly listed 4-bedroom house with a spacious backyard.
Create a message for an open house event:,We're hosting an open house this Sunday at 789 Sunset Blvd. Come see what makes this home special!
Write a follow-up message to a potential buyer:,"Hi [Name], just checking in to see if you’re still interested in properties in the downtown area."
Draft a welcome message for new subscribers:,Welcome to our real estate community! Stay tuned for exclusive listings and market tips.
Compose a thank-you message after a property visit:,Thanks for stopping by! We hope you enjoyed the tour—let us know if you have any questions.
Craft a message highlighting a price drop on a listing:,"Price just reduced! This charming condo is now listed at $345,000—don’t miss this opportunity!"
Generate a message for a real estate newsletter:,This week’s newsletter features the top 5 investment properties in your area. Check them out now!
Create a promotional message for a limited-time offer:,Act fast—our spring sale offers waived closing costs on select homes until March 31st!
Write a message announcing a new property video tour:,Watch the full video tour of our newest listing at 456 Lakeview Dr. It’s one you won’t want to miss.
Compose a message to re-engage inactive leads:,We haven’t heard from you in a while! Let us know if you're still searching for the perfect home.
Generate a message for a new property listing:,Discover your dream home! Check out this newly listed 4-bedroom house with a spacious backyard.
Create a message for an open house event:,We're hosting an open house this Sunday at 789 Sunset Blvd. Come see what makes this home special!
Write a follow-up message to a potential buyer:,"Hi [Name], just checking in to see if you’re still interested in properties in the downtown area."
Draft a welcome message for new subscribers:,Welcome to our real estate community! Stay tuned for exclusive listings and market tips.
Compose a thank-you message after a property visit:,Thanks for stopping by! We hope you enjoyed the tour—let us know if you have any questions.
Craft a message highlighting a price drop on a listing:,"Price just reduced! This charming condo is now listed at $345,000—don’t miss this opportunity!"
Generate a message for a real estate newsletter:,This week’s newsletter features the top 5 investment properties in your area. Check them out now!
Create a promotional message for a limited-time offer:,Act fast—our spring sale offers waived closing costs on select homes until March 31st!
Write a message announcing a new property video tour:,Watch the full video tour of our newest listing at 456 Lakeview Dr. It’s one you won’t want to miss.
Compose a message to re-engage inactive leads:,We haven’t heard from you in a while! Let us know if you're still searching for the perfect home.
Generate a message for a new property listing:,Discover your dream home! Check out this newly listed 4-bedroom house with a spacious backyard.
Create a message for an open house event:,We're hosting an open house this Sunday at 789 Sunset Blvd. Come see what makes this home special!
Write a follow-up message to a potential buyer:,"Hi [Name], just checking in to see if you’re still interested in properties in the downtown area."
Draft a welcome message for new subscribers:,Welcome to our real estate community! Stay tuned for exclusive listings and market tips.
Compose a thank-you message after a property visit:,Thanks for stopping by! We hope you enjoyed the tour—let us know if you have any questions.
Craft a message highlighting a price drop on a listing:,"Price just reduced! This charming condo is now listed at $345,000—don’t miss this opportunity!"
Generate a message for a real estate newsletter:,This week’s newsletter features the top 5 investment properties in your area. Check them out now!
Create a promotional message for a limited-time offer:,Act fast—our spring sale offers waived closing costs on select homes until March 31st!
Write a message announcing a new property video tour:,Watch the full video tour of our newest listing at 456 Lakeview Dr. It’s one you won’t want to miss.
Compose a message to re-engage inactive leads:,We haven’t heard from you in a while! Let us know if you're still searching for the perfect home.
Generate a message for a new property listing:,Discover your dream home! Check out this newly listed 4-bedroom house with a spacious backyard.
Create a message for an open house event:,We're hosting an open house this Sunday at 789 Sunset Blvd. Come see what makes this home special!
Write a follow-up message to a potential buyer:,"Hi [Name], just checking in to see if you’re still interested in properties in the downtown area."
Draft a welcome message for new subscribers:,Welcome to our real estate community! Stay tuned for exclusive listings and market tips.
Compose a thank-you message after a property visit:,Thanks for stopping by! We hope you enjoyed the tour—let us know if you have any questions.
Craft a message highlighting a price drop on a listing:,"Price just reduced! This charming condo is now listed at $345,000—don’t miss this opportunity!"
Generate a message for a real estate newsletter:,This week’s newsletter features the top 5 investment properties in your area. Check them out now!
Create a promotional message for a limited-time offer:,Act fast—our spring sale offers waived closing costs on select homes until March 31st!
Write a message announcing a new property video tour:,Watch the full video tour of our newest listing at 456 Lakeview Dr. It’s one you won’t want to miss.
Compose a message to re-engage inactive leads:,We haven’t heard from you in a while! Let us know if you're still searching for the perfect home.
Generate a message for a new property listing:,Discover your dream home! Check out this newly listed 4-bedroom house with a spacious backyard.
Create a message for an open house event:,We're hosting an open house this Sunday at 789 Sunset Blvd. Come see what makes this home special!
Write a follow-up message to a potential buyer:,"Hi [Name], just checking in to see if you’re still interested in properties in the downtown area."
Draft a welcome message for new subscribers:,Welcome to our real estate community! Stay tuned for exclusive listings and market tips.
Compose a thank-you message after a property visit:,Thanks for stopping by! We hope you enjoyed the tour—let us know if you have any questions.
Craft a message highlighting a price drop on a listing:,"Price just reduced! This charming condo is now listed at $345,000—don’t miss this opportunity!"
Generate a message for a real estate newsletter:,This week’s newsletter features the top 5 investment properties in your area. Check them out now!
Create a promotional message for a limited-time offer:,Act fast—our spring sale offers waived closing costs on select homes until March 31st!
Write a message announcing a new property video tour:,Watch the full video tour of our newest listing at 456 Lakeview Dr. It’s one you won’t want to miss.
Compose a message to re-engage inactive leads:,We haven’t heard from you in a while! Let us know if you're still searching for the perfect home.
Generate a message for a new property listing:,Discover your dream home! Check out this newly listed 4-bedroom house with a spacious backyard.
Create a message for an open house event:,We're hosting an open house this Sunday at 789 Sunset Blvd. Come see what makes this home special!
Write a follow-up message to a potential buyer:,"Hi [Name], just checking in to see if you’re still interested in properties in the downtown area."
Draft a welcome message for new subscribers:,Welcome to our real estate community! Stay tuned for exclusive listings and market tips.
Compose a thank-you message after a property visit:,Thanks for stopping by! We hope you enjoyed the tour—let us know if you have any questions.
Craft a message highlighting a price drop on a listing:,"Price just reduced! This charming condo is now listed at $345,000—don’t miss this opportunity!"
Generate a message for a real estate newsletter:,This week’s newsletter features the top 5 investment properties in your area. Check them out now!
Create a promotional message for a limited-time offer:,Act fast—our spring sale offers waived closing costs on select homes until March 31st!
Write a message announcing a new property video tour:,Watch the full video tour of our newest listing at 456 Lakeview Dr. It’s one you won’t want to miss.
Compose a message to re-engage inactive leads:,We haven’t heard from you in a while! Let us know if you're still searching for the perfect home.
Generate a message for a new property listing:,Discover your dream home! Check out this newly listed 4-bedroom house with a spacious backyard.
Create a message for an open house event:,We're hosting an open house this Sunday at 789 Sunset Blvd. Come see what makes this home special!
Write a follow-up message to a potential buyer:,"Hi [Name], just checking in to see if you’re still interested in properties in the downtown area."
Draft a welcome message for new subscribers:,Welcome to our real estate community! Stay tuned for exclusive listings and market tips.
Compose a thank-you message after a property visit:,Thanks for stopping by! We hope you enjoyed the tour—let us know if you have any questions.
Craft a message highlighting a price drop on a listing:,"Price just reduced! This charming condo is now listed at $345,000—don’t miss this opportunity!"
Generate a message for a real estate newsletter:,This week’s newsletter features the top 5 investment properties in your area. Check them out now!
Create a promotional message for a limited-time offer:,Act fast—our spring sale offers waived closing costs on select homes until March 31st!
Write a message announcing a new property video tour:,Watch the full video tour of our newest listing at 456 Lakeview Dr. It’s one you won’t want to miss.
Compose a message to re-engage inactive leads:,We haven’t heard from you in a while! Let us know if you're still searching for the perfect home.
Generate a message for a new property listing:,Discover your dream home! Check out this newly listed 4-bedroom house with a spacious backyard.
Create a message for an open house event:,We're hosting an open house this Sunday at 789 Sunset Blvd. Come see what makes this home special!
Write a follow-up message to a potential buyer:,"Hi [Name], just checking in to see if you’re still interested in properties in the downtown area."
Draft a welcome message for new subscribers:,Welcome to our real estate community! Stay tuned for exclusive listings and market tips.
Compose a thank-you message after a property visit:,Thanks for stopping by! We hope you enjoyed the tour—let us know if you have any questions.
Craft a message highlighting a price drop on a listing:,"Price just reduced! This charming condo is now listed at $345,000—don’t miss this opportunity!"
Generate a message for a real estate newsletter:,This week’s newsletter features the top 5 investment properties in your area. Check them out now!
Create a promotional message for a limited-time offer:,Act fast—our spring sale offers waived closing costs on select homes until March 31st!
Write a message announcing a new property video tour:,Watch the full video tour of our newest listing at 456 Lakeview Dr. It’s one you won’t want to miss.
Compose a message to re-engage inactive leads:,We haven’t heard from you in a while! Let us know if you're still searching for the perfect home.
Generate a message for a new property listing:,Discover your dream home! Check out this newly listed 4-bedroom house with a spacious backyard.
Create a message for an open house event:,We're hosting an open house this Sunday at 789 Sunset Blvd. Come see what makes this home special!
Write a follow-up message to a potential buyer:,"Hi [Name], just checking in to see if you’re still interested in properties in the downtown area."
Draft a welcome message for new subscribers:,Welcome to our real estate community! Stay tuned for exclusive listings and market tips.
Compose a thank-you message after a property visit:,Thanks for stopping by! We hope you enjoyed the tour—let us know if you have any questions.
Craft a message highlighting a price drop on a listing:,"Price just reduced! This charming condo is now listed at $345,000—don’t miss this opportunity!"
Generate a message for a real estate newsletter:,This week’s newsletter features the top 5 investment properties in your area. Check them out now!
Create a promotional message for a limited-time offer:,Act fast—our spring sale offers waived closing costs on select homes until March 31st!
Write a message announcing a new property video tour:,Watch the full video tour of our newest listing at 456 Lakeview Dr. It’s one you won’t want to miss.
Compose a message to re-engage inactive leads:,We haven’t heard from you in a while! Let us know if you're still searching for the perfect home.
Generate a message for a new property listing:,Discover your dream home! Check out this newly listed 4-bedroom house with a spacious backyard.
Create a message for an open house event:,We're hosting an open house this Sunday at 789 Sunset Blvd. Come see what makes this home special!
Write a follow-up message to a potential buyer:,"Hi [Name], just checking in to see if you’re still interested in properties in the downtown area."
Draft a welcome message for new subscribers:,Welcome to our real estate community! Stay tuned for exclusive listings and market tips.
Compose a thank-you message after a property visit:,Thanks for stopping by! We hope you enjoyed the tour—let us know if you have any questions.
Craft a message highlighting a price drop on a listing:,"Price just reduced! This charming condo is now listed at $345,000—don’t miss this opportunity!"
Generate a message for a real estate newsletter:,This week’s newsletter features the top 5 investment properties in your area. Check them out now!
Create a promotional message for a limited-time offer:,Act fast—our spring sale offers waived closing costs on select homes until March 31st!
Write a message announcing a new property video tour:,Watch the full video tour of our newest listing at 456 Lakeview Dr. It’s one you won’t want to miss.
Compose a message to re-engage inactive leads:,We haven’t heard from you in a while! Let us know if you're still searching for the perfect home.
Generate a message for a new property listing:,Discover your dream home! Check out this newly listed 4-bedroom house with a spacious backyard.
Create a message for an open house event:,We're hosting an open house this Sunday at 789 Sunset Blvd. Come see what makes this home special!
Write a follow-up message to a potential buyer:,"Hi [Name], just checking in to see if you’re still interested in properties in the downtown area."
Draft a welcome message for new subscribers:,Welcome to our real estate community! Stay tuned for exclusive listings and market tips.
Compose a thank-you message after a property visit:,Thanks for stopping by! We hope you enjoyed the tour—let us know if you have any questions.
Craft a message highlighting a price drop on a listing:,"Price just reduced! This charming condo is now listed at $345,000—don’t miss this opportunity!"
Generate a message for a real estate newsletter:,This week’s newsletter features the top 5 investment properties in your area. Check them out now!
Create a promotional message for a limited-time offer:,Act fast—our spring sale offers waived closing costs on select homes until March 31st!
Write a message announcing a new property video tour:,Watch the full video tour of our newest listing at 456 Lakeview Dr. It’s one you won’t want to miss.
Compose a message to re-engage inactive leads:,We haven’t heard from you in a while! Let us know if you're still searching for the perfect home.
Generate a message for a new property listing:,Discover your dream home! Check out this newly listed 4-bedroom house with a spacious backyard.
Create a message for an open house event:,We're hosting an open house this Sunday at 789 Sunset Blvd. Come see what makes this home special!
Write a follow-up message to a potential buyer:,"Hi [Name], just checking in to see if you’re still interested in properties in the downtown area."
Draft a welcome message for new subscribers:,Welcome to our real estate community! Stay tuned for exclusive listings and market tips.
Compose a thank-you message after a property visit:,Thanks for stopping by! We hope you enjoyed the tour—let us know if you have any questions.
Craft a message highlighting a price drop on a listing:,"Price just reduced! This charming condo is now listed at $345,000—don’t miss this opportunity!"
Generate a message for a real estate newsletter:,This week’s newsletter features the top 5 investment properties in your area. Check them out now!
Create a promotional message for a limited-time offer:,Act fast—our spring sale offers waived closing costs on select homes until March 31st!
Write a message announcing a new property video tour:,Watch the full video tour of our newest listing at 456 Lakeview Dr. It’s one you won’t want to miss.
Compose a message to re-engage inactive leads:,We haven’t heard from you in a while! Let us know if you're still searching for the perfect home.
Generate a message for a new property listing:,Discover your dream home! Check out this newly listed 4-bedroom house with a spacious backyard.
Create a message for an open house event:,We're hosting an open house this Sunday at 789 Sunset Blvd. Come see what makes this home special!
Write a follow-up message to a potential buyer:,"Hi [Name], just checking in to see if you’re still interested in properties in the downtown area."
Draft a welcome message for new subscribers:,Welcome to our real estate community! Stay tuned for exclusive listings and market tips.
Compose a thank-you message after a property visit:,Thanks for stopping by! We hope you enjoyed the tour—let us know if you have any questions.
Craft a message highlighting a price drop on a listing:,"Price just reduced! This charming condo is now listed at $345,000—don’t miss this opportunity!"
Generate a message for a real estate newsletter:,This week’s newsletter features the top 5 investment properties in your area. Check them out now!
Create a promotional message for a limited-time offer:,Act fast—our spring sale offers waived closing costs on select homes until March 31st!
Write a message announcing a new property video tour:,Watch the full video tour of our newest listing at 456 Lakeview Dr. It’s one you won’t want to miss.
Compose a message to re-engage inactive leads:,We haven’t heard from you in a while! Let us know if you're still searching for the perfect home.
Generate a message for a new property listing:,Discover your dream home! Check out this newly listed 4-bedroom house with a spacious backyard.
Create a message for an open house event:,We're hosting an open house this Sunday at 789 Sunset Blvd. Come see what makes this home special!
Write a follow-up message to a potential buyer:,"Hi [Name], just checking in to see if you’re still interested in properties in the downtown area."
Draft a welcome message for new subscribers:,Welcome to our real estate community! Stay tuned for exclusive listings and market tips.
Compose a thank-you message after a property visit:,Thanks for stopping by! We hope you enjoyed the tour—let us know if you have any questions.
Craft a message highlighting a price drop on a listing:,"Price just reduced! This charming condo is now listed at $345,000—don’t miss this opportunity!"
Generate a message for a real estate newsletter:,This week’s newsletter features the top 5 investment properties in your area. Check them out now!
Create a promotional message for a limited-time offer:,Act fast—our spring sale offers waived closing costs on select homes until March 31st!
Write a message announcing a new property video tour:,Watch the full video tour of our newest listing at 456 Lakeview Dr. It’s one you won’t want to miss.
Compose a message to re-engage inactive leads:,We haven’t heard from you in a while! Let us know if you're still searching for the perfect home.
Generate a message for a new property listing:,Discover your dream home! Check out this newly listed 4-bedroom house with a spacious backyard.
Create a message for an open house event:,We're hosting an open house this Sunday at 789 Sunset Blvd. Come see what makes this home special!
Write a follow-up message to a potential buyer:,"Hi [Name], just checking in to see if you’re still interested in properties in the downtown area."
Draft a welcome message for new subscribers:,Welcome to our real estate community! Stay tuned for exclusive listings and market tips.
Compose a thank-you message after a property visit:,Thanks for stopping by! We hope you enjoyed the tour—let us know if you have any questions.
Craft a message highlighting a price drop on a listing:,"Price just reduced! This charming condo is now listed at $345,000—don’t miss this opportunity!"
Generate a message for a real estate newsletter:,This week’s newsletter features the top 5 investment properties in your area. Check them out now!
Create a promotional message for a limited-time offer:,Act fast—our spring sale offers waived closing costs on select homes until March 31st!
Write a message announcing a new property video tour:,Watch the full video tour of our newest listing at 456 Lakeview Dr. It’s one you won’t want to miss.
Compose a message to re-engage inactive leads:,We haven’t heard from you in a while! Let us know if you're still searching for the perfect home.
Generate a message for a new property listing:,Discover your dream home! Check out this newly listed 4-bedroom house with a spacious backyard.
Create a message for an open house event:,We're hosting an open house this Sunday at 789 Sunset Blvd. Come see what makes this home special!
Write a follow-up message to a potential buyer:,"Hi [Name], just checking in to see if you’re still interested in properties in the downtown area."
Draft a welcome message for new subscribers:,Welcome to our real estate community! Stay tuned for exclusive listings and market tips.
Compose a thank-you message after a property visit:,Thanks for stopping by! We hope you enjoyed the tour—let us know if you have any questions.
Craft a message highlighting a price drop on a listing:,"Price just reduced! This charming condo is now listed at $345,000—don’t miss this opportunity!"
Generate a message for a real estate newsletter:,This week’s newsletter features the top 5 investment properties in your area. Check them out now!
Create a promotional message for a limited-time offer:,Act fast—our spring sale offers waived closing costs on select homes until March 31st!
Write a message announcing a new property video tour:,Watch the full video tour of our newest listing at 456 Lakeview Dr. It’s one you won’t want to miss.
Compose a message to re-engage inactive leads:,We haven’t heard from you in a while! Let us know if you're still searching for the perfect home.
Generate a message for a new property listing:,Discover your dream home! Check out this newly listed 4-bedroom house with a spacious backyard.
Create a message for an open house event:,We're hosting an open house this Sunday at 789 Sunset Blvd. Come see what makes this home special!
Write a follow-up message to a potential buyer:,"Hi [Name], just checking in to see if you’re still interested in properties in the downtown area."
Draft a welcome message for new subscribers:,Welcome to our real estate community! Stay tuned for exclusive listings and market tips.
Compose a thank-you message after a property visit:,Thanks for stopping by! We hope you enjoyed the tour—let us know if you have any questions.
Craft a message highlighting a price drop on a listing:,"Price just reduced! This charming condo is now listed at $345,000—don’t miss this opportunity!"
Generate a message for a real estate newsletter:,This week’s newsletter features the top 5 investment properties in your area. Check them out now!
Create a promotional message for a limited-time offer:,Act fast—our spring sale offers waived closing costs on select homes until March 31st!
Write a message announcing a new property video tour:,Watch the full video tour of our newest listing at 456 Lakeview Dr. It’s one you won’t want to miss.
Compose a message to re-engage inactive leads:,We haven’t heard from you in a while! Let us know if you're still searching for the perfect home.
Generate a message for a new property listing:,Discover your dream home! Check out this newly listed 4-bedroom house with a spacious backyard.
Create a message for an open house event:,We're hosting an open house this Sunday at 789 Sunset Blvd. Come see what makes this home special!
Write a follow-up message to a potential buyer:,"Hi [Name], just checking in to see if you’re still interested in properties in the downtown area."
Draft a welcome message for new subscribers:,Welcome to our real estate community! Stay tuned for exclusive listings and market tips.
Compose a thank-you message after a property visit:,Thanks for stopping by! We hope you enjoyed the tour—let us know if you have any questions.
Craft a message highlighting a price drop on a listing:,"Price just reduced! This charming condo is now listed at $345,000—don’t miss this opportunity!"
Generate a message for a real estate newsletter:,This week’s newsletter features the top 5 investment properties in your area. Check them out now!
Create a promotional message for a limited-time offer:,Act fast—our spring sale offers waived closing costs on select homes until March 31st!
Write a message announcing a new property video tour:,Watch the full video tour of our newest listing at 456 Lakeview Dr. It’s one you won’t want to miss.
Compose a message to re-engage inactive leads:,We haven’t heard from you in a while! Let us know if you're still searching for the perfect home.
Generate a message for a new property listing:,Discover your dream home! Check out this newly listed 4-bedroom house with a spacious backyard.
Create a message for an open house event:,We're hosting an open house this Sunday at 789 Sunset Blvd. Come see what makes this home special!
Write a follow-up message to a potential buyer:,"Hi [Name], just checking in to see if you’re still interested in properties in the downtown area."
Draft a welcome message for new subscribers:,Welcome to our real estate community! Stay tuned for exclusive listings and market tips.
Compose a thank-you message after a property visit:,Thanks for stopping by! We hope you enjoyed the tour—let us know if you have any questions.
Craft a message highlighting a price drop on a listing:,"Price just reduced! This charming condo is now listed at $345,000—don’t miss this opportunity!"
Generate a message for a real estate newsletter:,This week’s newsletter features the top 5 investment properties in your area. Check them out now!
Create a promotional message for a limited-time offer:,Act fast—our spring sale offers waived closing costs on select homes until March 31st!
Write a message announcing a new property video tour:,Watch the full video tour of our newest listing at 456 Lakeview Dr. It’s one you won’t want to miss.
Compose a message to re-engage inactive leads:,We haven’t heard from you in a while! Let us know if you're still searching for the perfect home.
Generate a message for a new property listing:,Discover your dream home! Check out this newly listed 4-bedroom house with a spacious backyard.
Create a message for an open house event:,We're hosting an open house this Sunday at 789 Sunset Blvd. Come see what makes this home special!
Write a follow-up message to a potential buyer:,"Hi [Name], just checking in to see if you’re still interested in properties in the downtown area."
Draft a welcome message for new subscribers:,Welcome to our real estate community! Stay tuned for exclusive listings and market tips.
Compose a thank-you message after a property visit:,Thanks for stopping by! We hope you enjoyed the tour—let us know if you have any questions.
Craft a message highlighting a price drop on a listing:,"Price just reduced! This charming condo is now listed at $345,000—don’t miss this opportunity!"
Generate a message for a real estate newsletter:,This week’s newsletter features the top 5 investment properties in your area. Check them out now!
Create a promotional message for a limited-time offer:,Act fast—our spring sale offers waived closing costs on select homes until March 31st!
Write a message announcing a new property video tour:,Watch the full video tour of our newest listing at 456 Lakeview Dr. It’s one you won’t want to miss.
Compose a message to re-engage inactive leads:,We haven’t heard from you in a while! Let us know if you're still searching for the perfect home.
Generate a message for a new property listing:,Discover your dream home! Check out this newly listed 4-bedroom house with a spacious backyard.
Create a message for an open house event:,We're hosting an open house this Sunday at 789 Sunset Blvd. Come see what makes this home special!
Write a follow-up message to a potential buyer:,"Hi [Name], just checking in to see if you’re still interested in properties in the downtown area."
Draft a welcome message for new subscribers:,Welcome to our real estate community! Stay tuned for exclusive listings and market tips.
Compose a thank-you message after a property visit:,Thanks for stopping by! We hope you enjoyed the tour—let us know if you have any questions.
Craft a message highlighting a price drop on a listing:,"Price just reduced! This charming condo is now listed at $345,000—don’t miss this opportunity!"
Generate a message for a real estate newsletter:,This week’s newsletter features the top 5 investment properties in your area. Check them out now!
Create a promotional message for a limited-time offer:,Act fast—our spring sale offers waived closing costs on select homes until March 31st!
Write a message announcing a new property video tour:,Watch the full video tour of our newest listing at 456 Lakeview Dr. It’s one you won’t want to miss.
Compose a message to re-engage inactive leads:,We haven’t heard from you in a while! Let us know if you're still searching for the perfect home.
Generate a message for a new property listing:,Discover your dream home! Check out this newly listed 4-bedroom house with a spacious backyard.
Create a message for an open house event:,We're hosting an open house this Sunday at 789 Sunset Blvd. Come see what makes this home special!
Write a follow-up message to a potential buyer:,"Hi [Name], just checking in to see if you’re still interested in properties in the downtown area."
Draft a welcome message for new subscribers:,Welcome to our real estate community! Stay tuned for exclusive listings and market tips.
Compose a thank-you message after a property visit:,Thanks for stopping by! We hope you enjoyed the tour—let us know if you have any questions.
Craft a message highlighting a price drop on a listing:,"Price just reduced! This charming condo is now listed at $345,000—don’t miss this opportunity!"
Generate a message for a real estate newsletter:,This week’s newsletter features the top 5 investment properties in your area. Check them out now!
Create a promotional message for a limited-time offer:,Act fast—our spring sale offers waived closing costs on select homes until March 31st!
Write a message announcing a new property video tour:,Watch the full video tour of our newest listing at 456 Lakeview Dr. It’s one you won’t want to miss.
Compose a message to re-engage inactive leads:,We haven’t heard from you in a while! Let us know if you're still searching for the perfect home.
Generate a message for a new property listing:,Discover your dream home! Check out this newly listed 4-bedroom house with a spacious backyard.
Create a message for an open house event:,We're hosting an open house this Sunday at 789 Sunset Blvd. Come see what makes this home special!
Write a follow-up message to a potential buyer:,"Hi [Name], just checking in to see if you’re still interested in properties in the downtown area."
Draft a welcome message for new subscribers:,Welcome to our real estate community! Stay tuned for exclusive listings and market tips.
Compose a thank-you message after a property visit:,Thanks for stopping by! We hope you enjoyed the tour—let us know if you have any questions.
Craft a message highlighting a price drop on a listing:,"Price just reduced! This charming condo is now listed at $345,000—don’t miss this opportunity!"
Generate a message for a real estate newsletter:,This week’s newsletter features the top 5 investment properties in your area. Check them out now!
Create a promotional message for a limited-time offer:,Act fast—our spring sale offers waived closing costs on select homes until March 31st!
Write a message announcing a new property video tour:,Watch the full video tour of our newest listing at 456 Lakeview Dr. It’s one you won’t want to miss.
Compose a message to re-engage inactive leads:,We haven’t heard from you in a while! Let us know if you're still searching for the perfect home.
Generate a message for a new property listing:,Discover your dream home! Check out this newly listed 4-bedroom house with a spacious backyard.
Create a message for an open house event:,We're hosting an open house this Sunday at 789 Sunset Blvd. Come see what makes this home special!
Write a follow-up message to a potential buyer:,"Hi [Name], just checking in to see if you’re still interested in properties in the downtown area."
Draft a welcome message for new subscribers:,Welcome to our real estate community! Stay tuned for exclusive listings and market tips.
Compose a thank-you message after a property visit:,Thanks for stopping by! We hope you enjoyed the tour—let us know if you have any questions.
Craft a message highlighting a price drop on a listing:,"Price just reduced! This charming condo is now listed at $345,000—don’t miss this opportunity!"
Generate a message for a real estate newsletter:,This week’s newsletter features the top 5 investment properties in your area. Check them out now!
Create a promotional message for a limited-time offer:,Act fast—our spring sale offers waived closing costs on select homes until March 31st!
Write a message announcing a new property video tour:,Watch the full video tour of our newest listing at 456 Lakeview Dr. It’s one you won’t want to miss.
Compose a message to re-engage inactive leads:,We haven’t heard from you in a while! Let us know if you're still searching for the perfect home.
Generate a message for a new property listing:,Discover your dream home! Check out this newly listed 4-bedroom house with a spacious backyard.
Create a message for an open house event:,We're hosting an open house this Sunday at 789 Sunset Blvd. Come see what makes this home special!
Write a follow-up message to a potential buyer:,"Hi [Name], just checking in to see if you’re still interested in properties in the downtown area."
Draft a welcome message for new subscribers:,Welcome to our real estate community! Stay tuned for exclusive listings and market tips.
Compose a thank-you message after a property visit:,Thanks for stopping by! We hope you enjoyed the tour—let us know if you have any questions.
Craft a message highlighting a price drop on a listing:,"Price just reduced! This charming condo is now listed at $345,000—don’t miss this opportunity!"
Generate a message for a real estate newsletter:,This week’s newsletter features the top 5 investment properties in your area. Check them out now!
Create a promotional message for a limited-time offer:,Act fast—our spring sale offers waived closing costs on select homes until March 31st!
Write a message announcing a new property video tour:,Watch the full video tour of our newest listing at 456 Lakeview Dr. It’s one you won’t want to miss.
Compose a message to re-engage inactive leads:,We haven’t heard from you in a while! Let us know if you're still searching for the perfect home.
Generate a message for a new property listing:,Discover your dream home! Check out this newly listed 4-bedroom house with a spacious backyard.
Create a message for an open house event:,We're hosting an open house this Sunday at 789 Sunset Blvd. Come see what makes this home special!
Write a follow-up message to a potential buyer:,"Hi [Name], just checking in to see if you’re still interested in properties in the downtown area."
Draft a welcome message for new subscribers:,Welcome to our real estate community! Stay tuned for exclusive listings and market tips.
Compose a thank-you message after a property visit:,Thanks for stopping by! We hope you enjoyed the tour—let us know if you have any questions.
Craft a message highlighting a price drop on a listing:,"Price just reduced! This charming condo is now listed at $345,000—don’t miss this opportunity!"
Generate a message for a real estate newsletter:,This week’s newsletter features the top 5 investment properties in your area. Check them out now!
Create a promotional message for a limited-time offer:,Act fast—our spring sale offers waived closing costs on select homes until March 31st!
Write a message announcing a new property video tour:,Watch the full video tour of our newest listing at 456 Lakeview Dr. It’s one you won’t want to miss.
Compose a message to re-engage inactive leads:,We haven’t heard from you in a while! Let us know if you're still searching for the perfect home.
Generate a message for a new property listing:,Discover your dream home! Check out this newly listed 4-bedroom house with a spacious backyard.
Create a message for an open house event:,We're hosting an open house this Sunday at 789 Sunset Blvd. Come see what makes this home special!
Write a follow-up message to a potential buyer:,"Hi [Name], just checking in to see if you’re still interested in properties in the downtown area."
Draft a welcome message for new subscribers:,Welcome to our real estate community! Stay tuned for exclusive listings and market tips.
Compose a thank-you message after a property visit:,Thanks for stopping by! We hope you enjoyed the tour—let us know if you have any questions.
Craft a message highlighting a price drop on a listing:,"Price just reduced! This charming condo is now listed at $345,000—don’t miss this opportunity!"
Generate a message for a real estate newsletter:,This week’s newsletter features the top 5 investment properties in your area. Check them out now!
Create a promotional message for a limited-time offer:,Act fast—our spring sale offers waived closing costs on select homes until March 31st!
Write a message announcing a new property video tour:,Watch the full video tour of our newest listing at 456 Lakeview Dr. It’s one you won’t want to miss.
Compose a message to re-engage inactive leads:,We haven’t heard from you in a while! Let us know if you're still searching for the perfect home.
Generate a message for a new property listing:,Discover your dream home! Check out this newly listed 4-bedroom house with a spacious backyard.
Create a message for an open house event:,We're hosting an open house this Sunday at 789 Sunset Blvd. Come see what makes this home special!
Write a follow-up message to a potential buyer:,"Hi [Name], just checking in to see if you’re still interested in properties in the downtown area."
Draft a welcome message for new subscribers:,Welcome to our real estate community! Stay tuned for exclusive listings and market tips.
Compose a thank-you message after a property visit:,Thanks for stopping by! We hope you enjoyed the tour—let us know if you have any questions.
Craft a message highlighting a price drop on a listing:,"Price just reduced! This charming condo is now listed at $345,000—don’t miss this opportunity!"
Generate a message for a real estate newsletter:,This week’s newsletter features the top 5 investment properties in your area. Check them out now!
Create a promotional message for a limited-time offer:,Act fast—our spring sale offers waived closing costs on select homes until March 31st!
Write a message announcing a new property video tour:,Watch the full video tour of our newest listing at 456 Lakeview Dr. It’s one you won’t want to miss.
Compose a message to re-engage inactive leads:,We haven’t heard from you in a while! Let us know if you're still searching for the perfect home.
Generate a message for a new property listing:,Discover your dream home! Check out this newly listed 4-bedroom house with a spacious backyard.
Create a message for an open house event:,We're hosting an open house this Sunday at 789 Sunset Blvd. Come see what makes this home special!
Write a follow-up message to a potential buyer:,"Hi [Name], just checking in to see if you’re still interested in properties in the downtown area."
Draft a welcome message for new subscribers:,Welcome to our real estate community! Stay tuned for exclusive listings and market tips.
Compose a thank-you message after a property visit:,Thanks for stopping by! We hope you enjoyed the tour—let us know if you have any questions.
Craft a message highlighting a price drop on a listing:,"Price just reduced! This charming condo is now listed at $345,000—don’t miss this opportunity!"
Generate a message for a real estate newsletter:,This week’s newsletter features the top 5 investment properties in your area. Check them out now!
Create a promotional message for a limited-time offer:,Act fast—our spring sale offers waived closing costs on select homes until March 31st!
Write a message announcing a new property video tour:,Watch the full video tour of our newest listing at 456 Lakeview Dr. It’s one you won’t want to miss.
Compose a message to re-engage inactive leads:,We haven’t heard from you in a while! Let us know if you're still searching for the perfect home.
Generate a message for a new property listing:,Discover your dream home! Check out this newly listed 4-bedroom house with a spacious backyard.
Create a message for an open house event:,We're hosting an open house this Sunday at 789 Sunset Blvd. Come see what makes this home special!
Write a follow-up message to a potential buyer:,"Hi [Name], just checking in to see if you’re still interested in properties in the downtown area."
Draft a welcome message for new subscribers:,Welcome to our real estate community! Stay tuned for exclusive listings and market tips.
Compose a thank-you message after a property visit:,Thanks for stopping by! We hope you enjoyed the tour—let us know if you have any questions.
Craft a message highlighting a price drop on a listing:,"Price just reduced! This charming condo is now listed at $345,000—don’t miss this opportunity!"
Generate a message for a real estate newsletter:,This week’s newsletter features the top 5 investment properties in your area. Check them out now!
Create a promotional message for a limited-time offer:,Act fast—our spring sale offers waived closing costs on select homes until March 31st!
Write a message announcing a new property video tour:,Watch the full video tour of our newest listing at 456 Lakeview Dr. It’s one you won’t want to miss.
Compose a message to re-engage inactive leads:,We haven’t heard from you in a while! Let us know if you're still searching for the perfect home.
Generate a message for a new property listing:,Discover your dream home! Check out this newly listed 4-bedroom house with a spacious backyard.
Create a message for an open house event:,We're hosting an open house this Sunday at 789 Sunset Blvd. Come see what makes this home special!
Write a follow-up message to a potential buyer:,"Hi [Name], just checking in to see if you’re still interested in properties in the downtown area."
Draft a welcome message for new subscribers:,Welcome to our real estate community! Stay tuned for exclusive listings and market tips.
Compose a thank-you message after a property visit:,Thanks for stopping by! We hope you enjoyed the tour—let us know if you have any questions.
Craft a message highlighting a price drop on a listing:,"Price just reduced! This charming condo is now listed at $345,000—don’t miss this opportunity!"
Generate a message for a real estate newsletter:,This week’s newsletter features the top 5 investment properties in your area. Check them out now!
Create a promotional message for a limited-time offer:,Act fast—our spring sale offers waived closing costs on select homes until March 31st!
Write a message announcing a new property video tour:,Watch the full video tour of our newest listing at 456 Lakeview Dr. It’s one you won’t want to miss.
Compose a message to re-engage inactive leads:,We haven’t heard from you in a while! Let us know if you're still searching for the perfect home.
Generate a message for a new property listing:,Discover your dream home! Check out this newly listed 4-bedroom house with a spacious backyard.
Create a message for an open house event:,We're hosting an open house this Sunday at 789 Sunset Blvd. Come see what makes this home special!
Write a follow-up message to a potential buyer:,"Hi [Name], just checking in to see if you’re still interested in properties in the downtown area."
Draft a welcome message for new subscribers:,Welcome to our real estate community! Stay tuned for exclusive listings and market tips.
Compose a thank-you message after a property visit:,Thanks for stopping by! We hope you enjoyed the tour—let us know if you have any questions.
Craft a message highlighting a price drop on a listing:,"Price just reduced! This charming condo is now listed at $345,000—don’t miss this opportunity!"
Generate a message for a real estate newsletter:,This week’s newsletter features the top 5 investment properties in your area. Check them out now!
Create a promotional message for a limited-time offer:,Act fast—our spring sale offers waived closing costs on select homes until March 31st!
Write a message announcing a new property video tour:,Watch the full video tour of our newest listing at 456 Lakeview Dr. It’s one you won’t want to miss.
Compose a message to re-engage inactive leads:,We haven’t heard from you in a while! Let us know if you're still searching for the perfect home.
Generate a message for a new property listing:,Discover your dream home! Check out this newly listed 4-bedroom house with a spacious backyard.
Create a message for an open house event:,We're hosting an open house this Sunday at 789 Sunset Blvd. Come see what makes this home special!
Write a follow-up message to a potential buyer:,"Hi [Name], just checking in to see if you’re still interested in properties in the downtown area."
Draft a welcome message for new subscribers:,Welcome to our real estate community! Stay tuned for exclusive listings and market tips.
Compose a thank-you message after a property visit:,Thanks for stopping by! We hope you enjoyed the tour—let us know if you have any questions.
Craft a message highlighting a price drop on a listing:,"Price just reduced! This charming condo is now listed at $345,000—don’t miss this opportunity!"
Generate a message for a real estate newsletter:,This week’s newsletter features the top 5 investment properties in your area. Check them out now!
Create a promotional message for a limited-time offer:,Act fast—our spring sale offers waived closing costs on select homes until March 31st!
Write a message announcing a new property video tour:,Watch the full video tour of our newest listing at 456 Lakeview Dr. It’s one you won’t want to miss.
Compose a message to re-engage inactive leads:,We haven’t heard from you in a while! Let us know if you're still searching for the perfect home.
Generate a message for a new property listing:,Discover your dream home! Check out this newly listed 4-bedroom house with a spacious backyard.
Create a message for an open house event:,We're hosting an open house this Sunday at 789 Sunset Blvd. Come see what makes this home special!
Write a follow-up message to a potential buyer:,"Hi [Name], just checking in to see if you’re still interested in properties in the downtown area."
Draft a welcome message for new subscribers:,Welcome to our real estate community! Stay tuned for exclusive listings and market tips.
Compose a thank-you message after a property visit:,Thanks for stopping by! We hope you enjoyed the tour—let us know if you have any questions.
Craft a message highlighting a price drop on a listing:,"Price just reduced! This charming condo is now listed at $345,000—don’t miss this opportunity!"
Generate a message for a real estate newsletter:,This week’s newsletter features the top 5 investment properties in your area. Check them out now!
Create a promotional message for a limited-time offer:,Act fast—our spring sale offers waived closing costs on select homes until March 31st!
Write a message announcing a new property video tour:,Watch the full video tour of our newest listing at 456 Lakeview Dr. It’s one you won’t want to miss.
Compose a message to re-engage inactive leads:,We haven’t heard from you in a while! Let us know if you're still searching for the perfect home.
Generate a message for a new property listing:,Discover your dream home! Check out this newly listed 4-bedroom house with a spacious backyard.
Create a message for an open house event:,We're hosting an open house this Sunday at 789 Sunset Blvd. Come see what makes this home special!
Write a follow-up message to a potential buyer:,"Hi [Name], just checking in to see if you’re still interested in properties in the downtown area."
Draft a welcome message for new subscribers:,Welcome to our real estate community! Stay tuned for exclusive listings and market tips.
Compose a thank-you message after a property visit:,Thanks for stopping by! We hope you enjoyed the tour—let us know if you have any questions.
Craft a message highlighting a price drop on a listing:,"Price just reduced! This charming condo is now listed at $345,000—don’t miss this opportunity!"
Generate a message for a real estate newsletter:,This week’s newsletter features the top 5 investment properties in your area. Check them out now!
Create a promotional message for a limited-time offer:,Act fast—our spring sale offers waived closing costs on select homes until March 31st!
Write a message announcing a new property video tour:,Watch the full video tour of our newest listing at 456 Lakeview Dr. It’s one you won’t want to miss.
Compose a message to re-engage inactive leads:,We haven’t heard from you in a while! Let us know if you're still searching for the perfect home.
Generate a message for a new property listing:,Discover your dream home! Check out this newly listed 4-bedroom house with a spacious backyard.
Create a message for an open house event:,We're hosting an open house this Sunday at 789 Sunset Blvd. Come see what makes this home special!
Write a follow-up message to a potential buyer:,"Hi [Name], just checking in to see if you’re still interested in properties in the downtown area."
Draft a welcome message for new subscribers:,Welcome to our real estate community! Stay tuned for exclusive listings and market tips.
Compose a thank-you message after a property visit:,Thanks for stopping by! We hope you enjoyed the tour—let us know if you have any questions.
Craft a message highlighting a price drop on a listing:,"Price just reduced! This charming condo is now listed at $345,000—don’t miss this opportunity!"
Generate a message for a real estate newsletter:,This week’s newsletter features the top 5 investment properties in your area. Check them out now!
Create a promotional message for a limited-time offer:,Act fast—our spring sale offers waived closing costs on select homes until March 31st!
Write a message announcing a new property video tour:,Watch the full video tour of our newest listing at 456 Lakeview Dr. It’s one you won’t want to miss.
Compose a message to re-engage inactive leads:,We haven’t heard from you in a while! Let us know if you're still searching for the perfect home.
Generate a message for a new property listing:,Discover your dream home! Check out this newly listed 4-bedroom house with a spacious backyard.
Create a message for an open house event:,We're hosting an open house this Sunday at 789 Sunset Blvd. Come see what makes this home special!
Write a follow-up message to a potential buyer:,"Hi [Name], just checking in to see if you’re still interested in properties in the downtown area."
Draft a welcome message for new subscribers:,Welcome to our real estate community! Stay tuned for exclusive listings and market tips.
Compose a thank-you message after a property visit:,Thanks for stopping by! We hope you enjoyed the tour—let us know if you have any questions.
Craft a message highlighting a price drop on a listing:,"Price just reduced! This charming condo is now listed at $345,000—don’t miss this opportunity!"
Generate a message for a real estate newsletter:,This week’s newsletter features the top 5 investment properties in your area. Check them out now!
Create a promotional message for a limited-time offer:,Act fast—our spring sale offers waived closing costs on select homes until March 31st!
Write a message announcing a new property video tour:,Watch the full video tour of our newest listing at 456 Lakeview Dr. It’s one you won’t want to miss.
Compose a message to re-engage inactive leads:,We haven’t heard from you in a while! Let us know if you're still searching for the perfect home.
Generate a message for a new property listing:,Discover your dream home! Check out this newly listed 4-bedroom house with a spacious backyard.
Create a message for an open house event:,We're hosting an open house this Sunday at 789 Sunset Blvd. Come see what makes this home special!
Write a follow-up message to a potential buyer:,"Hi [Name], just checking in to see if you’re still interested in properties in the downtown area."
Draft a welcome message for new subscribers:,Welcome to our real estate community! Stay tuned for exclusive listings and market tips.
Compose a thank-you message after a property visit:,Thanks for stopping by! We hope you enjoyed the tour—let us know if you have any questions.
Craft a message highlighting a price drop on a listing:,"Price just reduced! This charming condo is now listed at $345,000—don’t miss this opportunity!"
Generate a message for a real estate newsletter:,This week’s newsletter features the top 5 investment properties in your area. Check them out now!
Create a promotional message for a limited-time offer:,Act fast—our spring sale offers waived closing costs on select homes until March 31st!
Write a message announcing a new property video tour:,Watch the full video tour of our newest listing at 456 Lakeview Dr. It’s one you won’t want to miss.
Compose a message to re-engage inactive leads:,We haven’t heard from you in a while! Let us know if you're still searching for the perfect home.
Generate a message for a new property listing:,Discover your dream home! Check out this newly listed 4-bedroom house with a spacious backyard.
Create a message for an open house event:,We're hosting an open house this Sunday at 789 Sunset Blvd. Come see what makes this home special!
Write a follow-up message to a potential buyer:,"Hi [Name], just checking in to see if you’re still interested in properties in the downtown area."
Draft a welcome message for new subscribers:,Welcome to our real estate community! Stay tuned for exclusive listings and market tips.
Compose a thank-you message after a property visit:,Thanks for stopping by! We hope you enjoyed the tour—let us know if you have any questions.
Craft a message highlighting a price drop on a listing:,"Price just reduced! This charming condo is now listed at $345,000—don’t miss this opportunity!"
Generate a message for a real estate newsletter:,This week’s newsletter features the top 5 investment properties in your area. Check them out now!
Create a promotional message for a limited-time offer:,Act fast—our spring sale offers waived closing costs on select homes until March 31st!
Write a message announcing a new property video tour:,Watch the full video tour of our newest listing at 456 Lakeview Dr. It’s one you won’t want to miss.
Compose a message to re-engage inactive leads:,We haven’t heard from you in a while! Let us know if you're still searching for the perfect home.
Generate a message for a new property listing:,Discover your dream home! Check out this newly listed 4-bedroom house with a spacious backyard.
Create a message for an open house event:,We're hosting an open house this Sunday at 789 Sunset Blvd. Come see what makes this home special!
Write a follow-up message to a potential buyer:,"Hi [Name], just checking in to see if you’re still interested in properties in the downtown area."
Draft a welcome message for new subscribers:,Welcome to our real estate community! Stay tuned for exclusive listings and market tips.
Compose a thank-you message after a property visit:,Thanks for stopping by! We hope you enjoyed the tour—let us know if you have any questions.
Craft a message highlighting a price drop on a listing:,"Price just reduced! This charming condo is now listed at $345,000—don’t miss this opportunity!"
Generate a message for a real estate newsletter:,This week’s newsletter features the top 5 investment properties in your area. Check them out now!
Create a promotional message for a limited-time offer:,Act fast—our spring sale offers waived closing costs on select homes until March 31st!
Write a message announcing a new property video tour:,Watch the full video tour of our newest listing at 456 Lakeview Dr. It’s one you won’t want to miss.
Compose a message to re-engage inactive leads:,We haven’t heard from you in a while! Let us know if you're still searching for the perfect home.
Generate a message for a new property listing:,Discover your dream home! Check out this newly listed 4-bedroom house with a spacious backyard.
Create a message for an open house event:,We're hosting an open house this Sunday at 789 Sunset Blvd. Come see what makes this home special!
Write a follow-up message to a potential buyer:,"Hi [Name], just checking in to see if you’re still interested in properties in the downtown area."
Draft a welcome message for new subscribers:,Welcome to our real estate community! Stay tuned for exclusive listings and market tips.
Compose a thank-you message after a property visit:,Thanks for stopping by! We hope you enjoyed the tour—let us know if you have any questions.
Craft a message highlighting a price drop on a listing:,"Price just reduced! This charming condo is now listed at $345,000—don’t miss this opportunity!"
Generate a message for a real estate newsletter:,This week’s newsletter features the top 5 investment properties in your area. Check them out now!
Create a promotional message for a limited-time offer:,Act fast—our spring sale offers waived closing costs on select homes until March 31st!
Write a message announcing a new property video tour:,Watch the full video tour of our newest listing at 456 Lakeview Dr. It’s one you won’t want to miss.
Compose a message to re-engage inactive leads:,We haven’t heard from you in a while! Let us know if you're still searching for the perfect home.
